INSERT [dbo].[CHINHANH] ([MACN], [ChiNhanh], [DIACHI], [SoDT]) VALUES (N'CN1 ', N'Chi nhánh 1 TP HCM', N'35 Tr?n Hýng Ð?o P1 Q1 TP HCM', N'999111888')
INSERT [dbo].[CHINHANH] ([MACN], [ChiNhanh], [DIACHI], [SoDT]) VALUES (N'CN2 ', N'Chi nhánh 2 TP C?n Thõ ', N'255 Nguy?n Hu? P1 Q1', N'888444777')

INSERT [dbo].[NHANVIEN] ([MANV], [HO], [TEN], [DIACHI], [NGAYSINH], [LUONG], [MACN]) VALUES (2, N'PHAM DAN', N'TRUONG', N'200 K? Ð?ng', '19760703 00:00:00', 4000000, N'CN2')
INSERT [dbo].[NHANVIEN] ([MANV], [HO], [TEN], [DIACHI], [NGAYSINH], [LUONG], [MACN]) VALUES (4, N'NGUYEN THINH', N'PHONG', N'157 Dýõng Bá Tr?c P1 Q8', '19850519 00:00:00', 10000000, N'CN2')
INSERT [dbo].[NHANVIEN] ([MANV], [HO], [TEN], [DIACHI], [NGAYSINH], [LUONG], [MACN]) VALUES (5, N'THI NGOC', N'LAN', N'999, 3 tháng 2 P6 Q10 TPHCM ', '19851212 00:00:00', 10000000, N'CN1')
INSERT [dbo].[NHANVIEN] ([MANV], [HO], [TEN], [DIACHI], [NGAYSINH], [LUONG], [MACN]) VALUES (6, N'TRINH THI CAM', N'LY', N'46 Lê L?i Q1,TP.HCM', '19850818 00:00:00', 8000000, N'CN2')
INSERT [dbo].[NHANVIEN] ([MANV], [HO], [TEN], [DIACHI], [NGAYSINH], [LUONG], [MACN]) VALUES (7, N'QUACH LAN', N'ANH', N'12 Lê L?i P1 Q1 TP HCM', '19840604 00:00:00', 9000000, N'CN1')
INSERT [dbo].[NHANVIEN] ([MANV], [HO], [TEN], [DIACHI], [NGAYSINH], [LUONG], [MACN]) VALUES (8, N'CO THI', N'LAC', N'123 MaCao,Trung Qu?c', '19791208 00:00:00', 10000000, N'CN2')
INSERT [dbo].[NHANVIEN] ([MANV], [HO], [TEN], [DIACHI], [NGAYSINH], [LUONG], [MACN]) VALUES (9, N'HOANG', N'HOA', N'50 Man Thi?n Q9', '19910101 00:00:00', 20000000, N'CN1')

INSERT [dbo].[KHO] ([MAKHO], [TENKHO], [DIACHI], [MACN]) VALUES (N'K01CN1', N'KHO A', N'28-30 Ngô Quy?n P1 Q5', N'CN1 ')
INSERT [dbo].[KHO] ([MAKHO], [TENKHO], [DIACHI], [MACN]) VALUES (N'K01CN2', N'KHO D', N'123 LÊ L?I, TPC?N THÕ', N'CN2 ')
INSERT [dbo].[KHO] ([MAKHO], [TENKHO], [DIACHI], [MACN]) VALUES (N'K02CN1', N'KHO B', N'78 Nguyen Trai, TPHCM', N'CN1 ')
INSERT [dbo].[KHO] ([MAKHO], [TENKHO], [DIACHI], [MACN]) VALUES (N'K02CN2', N'CONG NGHIEP', N'555 Tr?n Hýng ð?o', N'CN2 ')
INSERT [dbo].[KHO] ([MAKHO], [TENKHO], [DIACHI], [MACN]) VALUES (N'K03CN1', N'KHO C', N'123, 3 tháng 2, TPHCM', N'CN1 ')
INSERT [dbo].[KHO] ([MAKHO], [TENKHO], [DIACHI], [MACN]) VALUES (N'K03CN2', N'LONG PHU', N'127 Ngô Th? Nh?m', N'CN1 ')
INSERT [dbo].[KHO] ([MAKHO], [TENKHO], [DIACHI], [MACN]) VALUES (N'K04CN1', N'KHO HH', N'GDFGDFGDF', N'CN1 ')
INSERT [dbo].[KHO] ([MAKHO], [TENKHO], [DIACHI], [MACN]) VALUES (N'K05CN1', N'KH TT', N'Fgdjhfgd', N'CN1 ')
INSERT [dbo].[KHO] ([MAKHO], [TENKHO], [DIACHI], [MACN]) VALUES (N'K06CN1', N'KHO RR', N'Fdsgf fdgdfsgd', N'CN1 ')
INSERT [dbo].[KHO] ([MAKHO], [TENKHO], [DIACHI], [MACN]) VALUES (N'K07CN1', N'KHO NH', N'Dfgfdh aaa', N'CN1 ')
INSERT [dbo].[KHO] ([MAKHO], [TENKHO], [DIACHI], [MACN]) VALUES (N'K08CN1', N'KHO ABC', N'DFGDFSG', N'CN2 ')
